-- Adminer 4.17.1 PostgreSQL 17.4 (Debian 17.4-1.pgdg120+2) dump

INSERT INTO "motif_visite" ("id", "specialite_id", "libelle") VALUES
(1,	1,	'Consultation'),
(2,	1,	'Renouvellement de traitement'),
(3,	1,	'Médecine du sport'),
(4,	1,	'Enfants'),
(5,	2,	'radiologie'),
(6,	2,	'échographie'),
(7,	2,	'scanner'),
(8,	2,	'IRM'),
(9,	3,	'nourrisson'),
(10,	3,	'urgence'),
(11,	3,	'suivi pédiatrique'),
(12,	3,	'Première consultation'),
(13,	4,	'Adulte - 1ère consultation'),
(14,	4,	'Adulte - Suivi'),
(15,	4,	'Enfant - 1ère consultation'),
(16,	4,	'Enfant - suivi '),
(17,	4,	'Cataracte'),
(18,	4,	'chirurgie myopie'),
(19,	5,	'Soins dentaires'),
(20,	5,	'Urgence dentaire'),
(21,	5,	'Bilan dentaire'),
(22,	5,	'prothèses dentaires'),
(23,	5,	'pose implants'),
(24,	5,	'Enfants');

INSERT INTO "moyen_paiement" ("id", "libelle") VALUES
(1,	'espèces'),
(2,	'chèque'),
(3,	'carte bancaire'),
(4,	'paypal'),
(5,	'virement'),
(6,	'transfert paylib'),
(7,	'troc');

INSERT INTO "praticien" ("id", "nom", "prenom", "ville", "email", "telephone", "specialite_id", "structure_id", "rpps_id", "organisation", "nouveau_patient", "titre") VALUES
('4305f5e9-be5a-4ccf-8792-7e07d7017363',	'Radio Plus',	'Cabinet',	'Nancy',	'radio.plus@sante.fr',	'03 43 56 65 54',	2,	'e65145bb-ce57-4320-b0a8-6c0ba06def6d',	NULL,	'1',	'1',	'Cab.'),
('af7bb2f1-cc52-3388-b9bc-c0b89e7f4c5b',	'Paul',	'Marine',	'Paris',	'Marine.Paul@hotmail.fr',	'02 36 11 25 88',	1,	'3444bdd2-8783-3aed-9a5e-4d298d2a2d7c',	'98537711172',	'0',	'1',	'Dr.'),
('b994a36f-794f-3ddc-b267-99673661466d',	'Guichard',	'Laurence',	'Paris',	'Laurence.Guichard@club-internet.fr',	'+33 8 99 14 03 98',	1,	'3444bdd2-8783-3aed-9a5e-4d298d2a2d7c',	'41489857901',	'0',	'1',	'Dr.'),
('8236bcbf-4c06-3d0e-8ab0-c4964e02c4ea',	'Pichon',	'Arnaude',	'Paris',	'Arnaude.Pichon@yahoo.fr',	'06 61 50 63 81',	4,	'3444bdd2-8783-3aed-9a5e-4d298d2a2d7c',	'47075706032',	'0',	'1',	'Dr.'),
('8ae1400f-d46d-3b50-b356-269f776be532',	'Klein',	'Gabrielle',	'Paris',	'Gabrielle.Klein@live.com',	'+33 (0)3 90 27 98 80',	1,	'3444bdd2-8783-3aed-9a5e-4d298d2a2d7c',	'90028646751',	'0',	'1',	'Dr.'),
('085c44e7-6245-3b10-9c1a-92f09524ef2a',	'Gallet',	'Valérie',	'Paris',	'Valrie.Gallet@dbmail.com',	'+33 (0)9 29 33 51 05',	2,	'3444bdd2-8783-3aed-9a5e-4d298d2a2d7c',	'08869616497',	'0',	'1',	'Dr.'),
('dada1285-f235-3ad2-bd7d-f58d68c30a73',	'Goncalves',	'Noël',	'Paris',	'Nol.Goncalves@free.fr',	'+33 5 82 74 18 66',	2,	'3444bdd2-8783-3aed-9a5e-4d298d2a2d7c',	'69525780948',	'0',	'1',	'Dr.'),
('51c6c5a5-0815-3ff1-b0e4-ac216319e526',	'Besson',	'Aurélie',	'Joubert',	'Aurlie.Besson@gmail.com',	'+33 (0)3 76 13 23 05',	3,	'372c1de7-4d31-3d01-9c92-77e69467d4e3',	'03633699723',	'0',	'1',	'Dr.'),
('592692c8-4a8c-3f91-967b-fde67ebea54d',	'Costa',	'Marc',	'Joubert',	'Marc.Costa@wanadoo.fr',	'+33 1 42 89 11 30',	3,	'372c1de7-4d31-3d01-9c92-77e69467d4e3',	'26675175554',	'0',	'1',	'Dr.'),
('0768e78b-12c8-3694-b89b-d0a7451a8fb1',	'Descamps',	'Alexandria',	'Joubert',	'Alexandria.Descamps@club-internet.fr',	'+33 (0)1 75 74 98 33',	4,	'372c1de7-4d31-3d01-9c92-77e69467d4e3',	'79003481902',	'0',	'1',	'Dr.'),
('f9bd589a-99ef-39f7-9984-af26e95c7150',	'Roger',	'Philippine',	'Diaz-sur-Boulanger',	'Philippine.Roger@hotmail.fr',	'0815977032',	5,	'255ecef6-14b9-3b5c-a40e-901665f4ed28',	'37085473119',	'0',	'1',	'Dr.'),
('bdd2672d-f4e6-3fd1-88db-d27e97b4d1e0',	'Martel',	'Denise',	'Diaz-sur-Boulanger',	'Denise.Martel@tele2.fr',	'+33 1 57 80 28 75',	2,	'255ecef6-14b9-3b5c-a40e-901665f4ed28',	'81555292256',	'0',	'1',	'Dr.'),
('7c76c93d-1b70-35eb-96d5-34c2d9d741c4',	'Marchand',	'Suzanne',	'Diaz-sur-Boulanger',	'Suzanne.Marchand@sfr.fr',	'+33 (0)2 83 66 69 68',	4,	'255ecef6-14b9-3b5c-a40e-901665f4ed28',	'89071319926',	'0',	'1',	'Dr.'),
('656c9034-bf19-33a0-beec-9a959ee83cd7',	'Parent',	'Tristan',	'Lucas',	'Tristan.Parent@laposte.net',	'+33 (0)2 81 93 20 11',	5,	'80756589-93f3-3ab7-92dd-377dbea5ea4d',	'91677789685',	'0',	'1',	'Dr.'),
('2ae94f01-8332-3c16-bf4c-eb1d64929253',	'Joly',	'Patricia',	'Lucas',	'Patricia.Joly@gmail.com',	'+33 4 24 93 22 37',	5,	'80756589-93f3-3ab7-92dd-377dbea5ea4d',	'35718775930',	'0',	'1',	'Dr.'),
('68202db3-920d-35dc-b547-e52c53ec5885',	'Meunier',	'Michelle',	'Lucas',	'Michelle.Meunier@noos.fr',	'08 97 18 92 13',	1,	'80756589-93f3-3ab7-92dd-377dbea5ea4d',	'96526776222',	'0',	'1',	'Dr.'),
('3eeec083-d6fe-3cf7-b0da-e2b09a261db9',	'Barbier',	'Claude',	'Carre-sur-Turpin',	'Claude.Barbier@wanadoo.fr',	'+33 (0)7 69 71 23 39',	1,	'5f7d3d80-3c4b-386a-a23e-74de4a1e0b19',	'05154780495',	'0',	'1',	'Dr.'),
('529fa71e-5a6c-3360-9579-81abc41e865f',	'Aubert',	'Louis',	'Carre-sur-Turpin',	'Louis.Aubert@free.fr',	'+33 7 68 13 29 54',	3,	'5f7d3d80-3c4b-386a-a23e-74de4a1e0b19',	'47528509445',	'0',	'1',	'Dr.'),
('e6f97aad-b672-3407-92ac-54b26d95d628',	'Berger',	'Olivie',	'Carre-sur-Turpin',	'Olivie.Berger@sfr.fr',	'0421147513',	4,	'5f7d3d80-3c4b-386a-a23e-74de4a1e0b19',	'58545532736',	'0',	'1',	'Dr.'),
('05644ac0-c4cb-36bf-a0cf-409075eb20c4',	'Leduc',	'Aimée',	'Carre-sur-Turpin',	'Aime.Leduc@laposte.net',	'+33 (0)4 85 19 99 00',	4,	'5f7d3d80-3c4b-386a-a23e-74de4a1e0b19',	'14015596432',	'0',	'1',	'Dr.'),
('c7c71a7a-d6e1-3aa3-8aa8-987cbef516b0',	'Mendes',	'Jean',	'Carre-sur-Turpin',	'Jean.Mendes@wanadoo.fr',	'0220429087',	1,	'5f7d3d80-3c4b-386a-a23e-74de4a1e0b19',	'91970997132',	'0',	'1',	'Dr.'),
('d7e254f4-7e01-395a-b668-6f86e3444906',	'Legros',	'Louis',	'Carre-sur-Turpin',	'Louis.Legros@club-internet.fr',	'02 23 75 20 59',	5,	'5f7d3d80-3c4b-386a-a23e-74de4a1e0b19',	'75544026520',	'0',	'1',	'Dr.'),
('41ac1467-4874-3e88-a636-444eae7dc457',	'Blanc',	'Rémy',	'Carre-sur-Turpin',	'Rmy.Blanc@sfr.fr',	'+33 (0)6 34 60 92 42',	5,	'5f7d3d80-3c4b-386a-a23e-74de4a1e0b19',	'89459669943',	'0',	'1',	'Dr.'),
('15d3e128-b47c-3030-a1c8-cfb09942054a',	'Pascal',	'Gilles',	'Carre-sur-Turpin',	'Gilles.Pascal@sfr.fr',	'08 12 96 04 73',	5,	'5f7d3d80-3c4b-386a-a23e-74de4a1e0b19',	'68661117852',	'0',	'1',	'Dr.'),
('9b4aa9d2-fb6a-3e07-9b5a-a792ffb4b3f3',	'Huet',	'Jacqueline',	'Carre-sur-Turpin',	'Jacqueline.Huet@tele2.fr',	'01 58 91 85 40',	1,	'5f7d3d80-3c4b-386a-a23e-74de4a1e0b19',	'22958855216',	'0',	'1',	'Dr.'),
('905735e4-bd41-3991-8462-0b21a962ecc9',	'Seguin',	'Audrey',	'Moreno',	'Audrey.Seguin@laposte.net',	'0184365032',	2,	'c302d11b-d5b8-310a-bbc5-9dd4400eb2c9',	'37054578375',	'0',	'1',	'Dr.'),
('03f24d7b-efda-3fbe-ae53-0c0c0edef089',	'Grenier',	'Josette',	'Moreno',	'Josette.Grenier@wanadoo.fr',	'06 43 92 58 43',	2,	'c302d11b-d5b8-310a-bbc5-9dd4400eb2c9',	'72002111175',	'0',	'1',	'Dr.'),
('8b34ba8b-5775-31a9-9ca6-1cf955c9ab84',	'Le Roux',	'Bernadette',	'Moreno',	'Bernadette.LeRoux@laposte.net',	'02 01 42 83 17',	2,	'c302d11b-d5b8-310a-bbc5-9dd4400eb2c9',	'09906566536',	'0',	'1',	'Dr.'),
('b0458f20-e264-3ab4-8153-47268dd936bc',	'Delattre',	'Andrée',	'Moreno',	'Andre.Delattre@dbmail.com',	'+33 6 03 08 18 43',	2,	'c302d11b-d5b8-310a-bbc5-9dd4400eb2c9',	'45029595027',	'0',	'1',	'Dr.'),
('3688814f-1b08-313b-8287-18febcc544d6',	'Leleu',	'Josette',	'Moreno',	'Josette.Leleu@sfr.fr',	'+33 (0)1 48 67 86 03',	2,	'c302d11b-d5b8-310a-bbc5-9dd4400eb2c9',	'29320958755',	'0',	'1',	'Dr.'),
('b05657bc-ecf5-3a76-960a-c20e41af60a0',	'Vasseur',	'Corinne',	'Moreno',	'Corinne.Vasseur@sfr.fr',	'0977376152',	2,	'c302d11b-d5b8-310a-bbc5-9dd4400eb2c9',	'28825113944',	'0',	'1',	'Dr.'),
('2192c51f-1d1f-3d76-88ed-6a25abed0faf',	'Pelletier',	'Alexandrie',	'Moreno',	'Alexandrie.Pelletier@live.com',	'+33 (0)6 73 60 47 41',	2,	'c302d11b-d5b8-310a-bbc5-9dd4400eb2c9',	'79775098611',	'0',	'1',	'Dr.'),
('3dc3ed9e-b07e-3cb7-81c4-6607d11f20ca',	'Dufour',	'Thibaut',	'Lefevre',	'Thibaut.Dufour@club-internet.fr',	'01 70 44 52 00',	2,	'b636c1fd-c61c-306b-9d4f-25cf3bfd9f66',	'16216406524',	'0',	'1',	'Dr.'),
('a63afd36-5682-3ad1-971f-447c6fd45180',	'Denis',	'Adèle',	'Lefevre',	'Adle.Denis@laposte.net',	'+33 2 53 67 28 62',	2,	'b636c1fd-c61c-306b-9d4f-25cf3bfd9f66',	'26599383463',	'0',	'1',	'Dr.'),
('4d4680e8-b362-3ccc-93f0-69ba51d40e67',	'Foucher',	'Anne',	'Lefevre',	'Anne.Foucher@club-internet.fr',	'+33 5 53 70 29 91',	2,	'b636c1fd-c61c-306b-9d4f-25cf3bfd9f66',	'03084995670',	'0',	'1',	'Dr.'),
('da903aa3-21c2-3631-a08b-d8d054cccb48',	'David',	'Susanne',	'Lefevre',	'Susanne.David@hotmail.fr',	'+33 (0)1 52 84 03 11',	2,	'b636c1fd-c61c-306b-9d4f-25cf3bfd9f66',	'21328242613',	'0',	'1',	'Dr.'),
('c29223af-0dbe-3bba-8069-65743a4ae8b4',	'Faivre',	'Laure',	'Lefevre',	'Laure.Faivre@sfr.fr',	'+33 2 50 47 37 95',	2,	'b636c1fd-c61c-306b-9d4f-25cf3bfd9f66',	'42398444797',	'0',	'1',	'Dr.'),
('a960bb57-cf39-3636-9f6d-3ef52834ecfc',	'Parent',	'Marc',	'Lefevre',	'Marc.Parent@dbmail.com',	'08 92 01 83 29',	2,	'b636c1fd-c61c-306b-9d4f-25cf3bfd9f66',	'59692746381',	'0',	'1',	'Dr.'),
('f524d70d-0f02-3747-a6fb-8d6db043210e',	'Valette',	'René',	'Lefevre',	'Ren.Valette@orange.fr',	'0784754050',	2,	'b636c1fd-c61c-306b-9d4f-25cf3bfd9f66',	'94798547676',	'0',	'1',	'Dr.'),
('98cf3e54-0cb8-33f0-beae-2fad5ff62bdf',	'Le Gall',	'Michelle',	'Lefevre',	'Michelle.LeGall@free.fr',	'0293390604',	2,	'b636c1fd-c61c-306b-9d4f-25cf3bfd9f66',	'78706107980',	'0',	'1',	'Dr.'),
('794f6ea3-9801-334b-ba82-4ac71f70f6d2',	'Marechal',	'Inès',	'Bourdon-les-Bains',	'Ins.Marechal@wanadoo.fr',	'0469478837',	2,	'7db214d9-f415-3110-991b-ec5f9774b685',	'14220499399',	'0',	'1',	'Dr.'),
('e274a3f8-50b3-37c7-a061-333110a1560b',	'Imbert',	'Nicolas',	'Bourdon-les-Bains',	'Nicolas.Imbert@orange.fr',	'0947411224',	2,	'7db214d9-f415-3110-991b-ec5f9774b685',	'40213239870',	'0',	'1',	'Dr.'),
('7edb1b5e-eeaa-358e-84c5-1b66fc2fec2d',	'Thierry',	'Matthieu',	'Bourdon-les-Bains',	'Matthieu.Thierry@orange.fr',	'03 87 04 84 55',	2,	'7db214d9-f415-3110-991b-ec5f9774b685',	'71459888313',	'0',	'1',	'Dr.'),
('609bc828-4d34-3bb2-b527-93d80478d6b3',	'Gilbert',	'Adrien',	'Bourdon-les-Bains',	'Adrien.Gilbert@live.com',	'0897878909',	2,	'7db214d9-f415-3110-991b-ec5f9774b685',	'83449681890',	'0',	'1',	'Dr.'),
('341453e4-c122-3028-a712-af7ddad67975',	'Marin',	'Isaac',	'Bourdon-les-Bains',	'Isaac.Marin@live.com',	'0136647915',	2,	'7db214d9-f415-3110-991b-ec5f9774b685',	'25655613522',	'0',	'1',	'Dr.'),
('e3ba8e27-6ce8-38d8-bdbc-54c53259036f',	'Leduc',	'Caroline',	'Bourdon-les-Bains',	'Caroline.Leduc@noos.fr',	'04 17 24 73 44',	2,	'7db214d9-f415-3110-991b-ec5f9774b685',	'08720049696',	'0',	'1',	'Dr.'),
('fd23b913-b526-3b02-bf44-0dd2b25796bb',	'Langlois',	'Stéphanie',	'Bourdon-les-Bains',	'Stphanie.Langlois@tele2.fr',	'07 31 50 72 40',	2,	'7db214d9-f415-3110-991b-ec5f9774b685',	'74019992092',	'0',	'1',	'Dr.'),
('dfe8a45d-1122-361c-bf96-fffae0d385f2',	'Fournier',	'Bernard',	'Thierry-les-Bains',	'Bernard.Fournier@hotmail.fr',	'+33 8 02 69 97 34',	5,	'a51a0543-ee80-3515-81ab-2504ec194c09',	'51707070736',	'0',	'1',	'Dr.'),
('a7cc5d8f-360c-3334-a992-6e9008c07c47',	'Gautier',	'Adrien',	'Etienne',	'Adrien.Gautier@orange.fr',	'+33 (0)5 44 24 38 22',	5,	'a51a0543-ee80-3515-81ab-2504ec194c09',	'44970330413',	'0',	'1',	'Dr.'),
('e5f6cdd3-e9de-3c30-84b9-2d431c0d853f',	'Pelletier',	'Michelle',	'Boutin-les-Bains',	'Michelle.Pelletier@wanadoo.fr',	'01 57 96 73 69',	3,	'a51a0543-ee80-3515-81ab-2504ec194c09',	'95929491285',	'0',	'1',	'Dr.'),
('623b83ab-46b9-3cf3-8e04-3bb514cb059f',	'Lucas',	'Gilbert',	'Leconte-la-Forêt',	'Gilbert.Lucas@live.com',	'+33 (0)9 31 70 40 84',	1,	'a51a0543-ee80-3515-81ab-2504ec194c09',	'74406403094',	'0',	'1',	'Dr.'),
('7c57a60f-936a-3b48-884b-dd00fa4f3e0f',	'Perrier',	'Anouk',	'Bernard',	'Anouk.Perrier@dbmail.com',	'0929092296',	5,	'a51a0543-ee80-3515-81ab-2504ec194c09',	'19939268989',	'0',	'1',	'Dr.'),
('a5c30f27-6100-373f-b291-df93927b5899',	'Besson',	'Susan',	'Gillet-la-Forêt',	'Susan.Besson@sfr.fr',	'01 05 65 13 02',	1,	'fe6e7644-9e58-3b57-9734-f201766d4d75',	'64205390414',	'0',	'1',	'Dr.'),
('95b1d811-22c6-3c4e-94fb-69dc3bd0522a',	'Hamel',	'Paulette',	'BriandBourg',	'Paulette.Hamel@free.fr',	'0115534998',	2,	'fe6e7644-9e58-3b57-9734-f201766d4d75',	'15867869994',	'0',	'1',	'Dr.'),
('33448c5c-ba4f-366b-88f4-95aec59b982d',	'Leclerc',	'Louis',	'Francois',	'Louis.Leclerc@noos.fr',	'0653433149',	5,	'fe6e7644-9e58-3b57-9734-f201766d4d75',	'54007589044',	'0',	'1',	'Dr.'),
('c813bddb-147b-3579-820d-cd58b28adac0',	'Fabre',	'Anouk',	'Delmas',	'Anouk.Fabre@live.com',	'+33 (0)5 98 57 53 80',	4,	'fe6e7644-9e58-3b57-9734-f201766d4d75',	'80807841638',	'0',	'1',	'Dr.'),
('1d27091f-5a24-312c-a594-5102f5576306',	'Leleu',	'Isaac',	'CharpentierVille',	'Isaac.Leleu@tele2.fr',	'02 94 90 32 21',	4,	'fe6e7644-9e58-3b57-9734-f201766d4d75',	'03159116669',	'0',	'1',	'Dr.'),
('8fe808d9-6742-3942-acfc-b78e2dc0ead2',	'Renard',	'Philippe',	'Lombardnec',	'Philippe.Renard@free.fr',	'03 68 45 64 25',	5,	'fe6e7644-9e58-3b57-9734-f201766d4d75',	'62780430910',	'0',	'1',	'Dr.'),
('5670356f-5750-3222-aa82-a7309199fe59',	'Lefevre',	'Thierry',	'Aubertnec',	'Thierry.Lefevre@dbmail.com',	'+33 (0)8 99 88 16 51',	3,	'fe6e7644-9e58-3b57-9734-f201766d4d75',	'22917520162',	'0',	'1',	'Dr.'),
('bf5fdb24-f530-32a1-ba6c-3f09a6d25566',	'Boulay',	'Gilles',	'Grondin',	'Gilles.Boulay@live.com',	'+33 (0)1 07 18 13 70',	4,	'fe6e7644-9e58-3b57-9734-f201766d4d75',	'63476602372',	'0',	'1',	'Dr.'),
('c10622c7-ac83-38f5-939c-54a5ebcb7cb5',	'Texier',	'Dominique',	'Allain',	'Dominique.Texier@gmail.com',	'07 63 13 89 05',	2,	'9117850b-3116-3d4f-b346-1dfc23c26787',	'56377596657',	'0',	'1',	'Dr.'),
('2da9d1c6-a17c-31f2-95a7-4f2f191326dc',	'Fouquet',	'Benoît',	'Diallo',	'Benot.Fouquet@yahoo.fr',	'+33 (0)7 72 16 32 79',	3,	'9117850b-3116-3d4f-b346-1dfc23c26787',	'67958442974',	'0',	'1',	'Dr.'),
('ac91e524-3538-3a24-bda2-68a98288960e',	'Perrin',	'Gérard',	'Guyon',	'Grard.Perrin@free.fr',	'+33 1 59 86 51 70',	1,	'9117850b-3116-3d4f-b346-1dfc23c26787',	'36764694109',	'0',	'1',	'Dr.'),
('62097b60-2085-3619-a92b-a23add366c7b',	'Joseph',	'Odette',	'Daniel-sur-Berger',	'Odette.Joseph@club-internet.fr',	'+33 6 62 80 46 16',	3,	'9117850b-3116-3d4f-b346-1dfc23c26787',	'04388744434',	'0',	'1',	'Dr.'),
('2a197d2d-6eee-3875-8e02-feb17faf62a0',	'Laroche',	'Thibaut',	'Pruvost-sur-Pierre',	'Thibaut.Laroche@dbmail.com',	'01 44 39 87 82',	3,	'9117850b-3116-3d4f-b346-1dfc23c26787',	'97101951485',	'0',	'1',	'Dr.'),
('35b16c74-40ee-3fe5-bea2-b0f525b0f245',	'Petit',	'Marcelle',	'Bouvetnec',	'Marcelle.Petit@sfr.fr',	'+33 (0)6 32 21 15 75',	2,	'bee7989a-c204-3cf7-bbfc-42a9ce8456ea',	'30027264027',	'0',	'1',	'Dr.'),
('f09cf264-8826-35b7-bbf3-af6561f3ba8f',	'Lenoir',	'Geneviève',	'Maillet',	'Genevive.Lenoir@noos.fr',	'06 94 39 69 52',	2,	'bee7989a-c204-3cf7-bbfc-42a9ce8456ea',	'42066496182',	'0',	'1',	'Dr.'),
('f3485799-f91d-35ef-9f76-6a02a041fefa',	'Faivre',	'Vincent',	'Begue',	'Vincent.Faivre@gmail.com',	'07 59 38 94 56',	2,	'bee7989a-c204-3cf7-bbfc-42a9ce8456ea',	'16925387342',	'0',	'1',	'Dr.'),
('23923a6b-909a-38e8-a7fe-50745ef4ac0f',	'Garcia',	'Emmanuel',	'Deschampsboeuf',	'Emmanuel.Garcia@sfr.fr',	'0964992966',	3,	'bee7989a-c204-3cf7-bbfc-42a9ce8456ea',	'36191947034',	'0',	'1',	'Dr.'),
('66faac60-5e42-313f-9d88-f4e16ddce694',	'Gimenez',	'Lorraine',	'Humbert-la-Forêt',	'Lorraine.Gimenez@sfr.fr',	'+33 4 17 88 99 57',	2,	'bee7989a-c204-3cf7-bbfc-42a9ce8456ea',	'86688088201',	'0',	'1',	'Dr.'),
('4b1f7ae9-f6d4-3dc2-9869-45b1f2849c49',	'Dupuy',	'Victor',	'ChartierBourg',	'Victor.Dupuy@tele2.fr',	'0581938382',	4,	'bee7989a-c204-3cf7-bbfc-42a9ce8456ea',	'47630543897',	'0',	'1',	'Dr.'),
('512e3f2d-b40f-336a-8bda-2b871d72691d',	'Coulon',	'Odette',	'Fischer',	'Odette.Coulon@gmail.com',	'0948740257',	2,	'55ee31cb-9fb6-3513-b209-e2804d02c11e',	'56365936823',	'0',	'1',	'Dr.'),
('d79364b7-87e2-3ad2-894e-fce97f7a1d83',	'Delannoy',	'Patrick',	'Marion',	'Patrick.Delannoy@gmail.com',	'04 24 84 91 18',	2,	'55ee31cb-9fb6-3513-b209-e2804d02c11e',	'97696652457',	'0',	'1',	'Dr.'),
('581b1a86-e5ac-3f81-9a98-f87aa0fbf718',	'Fabre',	'David',	'Thierry-sur-Breton',	'David.Fabre@laposte.net',	'+33 (0)1 85 87 66 91',	5,	'55ee31cb-9fb6-3513-b209-e2804d02c11e',	'91575127827',	'0',	'1',	'Dr.'),
('2e1c1158-c565-3780-aeed-2845063e415c',	'Dias',	'Noël',	'Le Goff',	'Nol.Dias@free.fr',	'+33 1 38 22 72 90',	5,	'55ee31cb-9fb6-3513-b209-e2804d02c11e',	'16925897107',	'0',	'1',	'Dr.'),
('d6021537-72b7-3289-bfe7-efa9b4281b73',	'Bertrand',	'Gilbert',	'Langloisboeuf',	'Gilbert.Bertrand@club-internet.fr',	'0169855824',	2,	'55ee31cb-9fb6-3513-b209-e2804d02c11e',	'44377314396',	'0',	'1',	'Dr.'),
('1e67bfd0-fd1a-362a-be57-6b212c76cfb6',	'Didier',	'Édith',	'Gregoire-sur-Gautier',	'dith.Didier@club-internet.fr',	'09 55 59 50 47',	3,	'55ee31cb-9fb6-3513-b209-e2804d02c11e',	'55456346545',	'0',	'1',	'Dr.');

INSERT INTO "praticien2motif" ("praticien_id", "motif_id") VALUES
('af7bb2f1-cc52-3388-b9bc-c0b89e7f4c5b',	3),
('af7bb2f1-cc52-3388-b9bc-c0b89e7f4c5b',	2),
('af7bb2f1-cc52-3388-b9bc-c0b89e7f4c5b',	1),
('af7bb2f1-cc52-3388-b9bc-c0b89e7f4c5b',	4),
('b994a36f-794f-3ddc-b267-99673661466d',	4),
('b994a36f-794f-3ddc-b267-99673661466d',	2),
('b994a36f-794f-3ddc-b267-99673661466d',	3),
('8236bcbf-4c06-3d0e-8ab0-c4964e02c4ea',	15),
('8236bcbf-4c06-3d0e-8ab0-c4964e02c4ea',	18),
('8236bcbf-4c06-3d0e-8ab0-c4964e02c4ea',	13),
('8236bcbf-4c06-3d0e-8ab0-c4964e02c4ea',	16),
('8236bcbf-4c06-3d0e-8ab0-c4964e02c4ea',	17),
('8ae1400f-d46d-3b50-b356-269f776be532',	2),
('8ae1400f-d46d-3b50-b356-269f776be532',	1),
('8ae1400f-d46d-3b50-b356-269f776be532',	4),
('8ae1400f-d46d-3b50-b356-269f776be532',	3),
('085c44e7-6245-3b10-9c1a-92f09524ef2a',	8),
('085c44e7-6245-3b10-9c1a-92f09524ef2a',	6),
('085c44e7-6245-3b10-9c1a-92f09524ef2a',	5),
('dada1285-f235-3ad2-bd7d-f58d68c30a73',	5),
('51c6c5a5-0815-3ff1-b0e4-ac216319e526',	9),
('51c6c5a5-0815-3ff1-b0e4-ac216319e526',	12),
('51c6c5a5-0815-3ff1-b0e4-ac216319e526',	11),
('592692c8-4a8c-3f91-967b-fde67ebea54d',	12),
('592692c8-4a8c-3f91-967b-fde67ebea54d',	11),
('592692c8-4a8c-3f91-967b-fde67ebea54d',	9),
('592692c8-4a8c-3f91-967b-fde67ebea54d',	10),
('0768e78b-12c8-3694-b89b-d0a7451a8fb1',	18),
('f9bd589a-99ef-39f7-9984-af26e95c7150',	22),
('f9bd589a-99ef-39f7-9984-af26e95c7150',	19),
('bdd2672d-f4e6-3fd1-88db-d27e97b4d1e0',	8),
('bdd2672d-f4e6-3fd1-88db-d27e97b4d1e0',	6),
('7c76c93d-1b70-35eb-96d5-34c2d9d741c4',	15),
('7c76c93d-1b70-35eb-96d5-34c2d9d741c4',	14),
('7c76c93d-1b70-35eb-96d5-34c2d9d741c4',	16),
('7c76c93d-1b70-35eb-96d5-34c2d9d741c4',	18),
('656c9034-bf19-33a0-beec-9a959ee83cd7',	20),
('656c9034-bf19-33a0-beec-9a959ee83cd7',	22),
('656c9034-bf19-33a0-beec-9a959ee83cd7',	19),
('656c9034-bf19-33a0-beec-9a959ee83cd7',	23),
('656c9034-bf19-33a0-beec-9a959ee83cd7',	24),
('656c9034-bf19-33a0-beec-9a959ee83cd7',	21),
('2ae94f01-8332-3c16-bf4c-eb1d64929253',	21),
('2ae94f01-8332-3c16-bf4c-eb1d64929253',	23),
('2ae94f01-8332-3c16-bf4c-eb1d64929253',	24),
('2ae94f01-8332-3c16-bf4c-eb1d64929253',	19),
('2ae94f01-8332-3c16-bf4c-eb1d64929253',	20),
('2ae94f01-8332-3c16-bf4c-eb1d64929253',	22),
('68202db3-920d-35dc-b547-e52c53ec5885',	4),
('68202db3-920d-35dc-b547-e52c53ec5885',	3),
('68202db3-920d-35dc-b547-e52c53ec5885',	2),
('68202db3-920d-35dc-b547-e52c53ec5885',	1),
('3eeec083-d6fe-3cf7-b0da-e2b09a261db9',	2),
('3eeec083-d6fe-3cf7-b0da-e2b09a261db9',	4),
('3eeec083-d6fe-3cf7-b0da-e2b09a261db9',	1),
('3eeec083-d6fe-3cf7-b0da-e2b09a261db9',	3),
('529fa71e-5a6c-3360-9579-81abc41e865f',	9),
('529fa71e-5a6c-3360-9579-81abc41e865f',	12),
('e6f97aad-b672-3407-92ac-54b26d95d628',	16),
('05644ac0-c4cb-36bf-a0cf-409075eb20c4',	18),
('05644ac0-c4cb-36bf-a0cf-409075eb20c4',	15),
('c7c71a7a-d6e1-3aa3-8aa8-987cbef516b0',	2),
('c7c71a7a-d6e1-3aa3-8aa8-987cbef516b0',	1),
('c7c71a7a-d6e1-3aa3-8aa8-987cbef516b0',	4),
('c7c71a7a-d6e1-3aa3-8aa8-987cbef516b0',	3),
('d7e254f4-7e01-395a-b668-6f86e3444906',	19),
('d7e254f4-7e01-395a-b668-6f86e3444906',	21),
('d7e254f4-7e01-395a-b668-6f86e3444906',	24),
('41ac1467-4874-3e88-a636-444eae7dc457',	20),
('41ac1467-4874-3e88-a636-444eae7dc457',	22),
('41ac1467-4874-3e88-a636-444eae7dc457',	24),
('15d3e128-b47c-3030-a1c8-cfb09942054a',	20),
('15d3e128-b47c-3030-a1c8-cfb09942054a',	21),
('9b4aa9d2-fb6a-3e07-9b5a-a792ffb4b3f3',	3),
('9b4aa9d2-fb6a-3e07-9b5a-a792ffb4b3f3',	1),
('9b4aa9d2-fb6a-3e07-9b5a-a792ffb4b3f3',	2),
('9b4aa9d2-fb6a-3e07-9b5a-a792ffb4b3f3',	4),
('905735e4-bd41-3991-8462-0b21a962ecc9',	6),
('03f24d7b-efda-3fbe-ae53-0c0c0edef089',	7),
('03f24d7b-efda-3fbe-ae53-0c0c0edef089',	6),
('8b34ba8b-5775-31a9-9ca6-1cf955c9ab84',	8),
('8b34ba8b-5775-31a9-9ca6-1cf955c9ab84',	7),
('8b34ba8b-5775-31a9-9ca6-1cf955c9ab84',	6),
('b0458f20-e264-3ab4-8153-47268dd936bc',	5),
('b0458f20-e264-3ab4-8153-47268dd936bc',	8),
('b0458f20-e264-3ab4-8153-47268dd936bc',	6),
('3688814f-1b08-313b-8287-18febcc544d6',	5),
('b05657bc-ecf5-3a76-960a-c20e41af60a0',	8),
('b05657bc-ecf5-3a76-960a-c20e41af60a0',	6),
('b05657bc-ecf5-3a76-960a-c20e41af60a0',	7),
('b05657bc-ecf5-3a76-960a-c20e41af60a0',	5),
('2192c51f-1d1f-3d76-88ed-6a25abed0faf',	7),
('2192c51f-1d1f-3d76-88ed-6a25abed0faf',	6),
('3dc3ed9e-b07e-3cb7-81c4-6607d11f20ca',	7),
('3dc3ed9e-b07e-3cb7-81c4-6607d11f20ca',	8),
('a63afd36-5682-3ad1-971f-447c6fd45180',	5),
('a63afd36-5682-3ad1-971f-447c6fd45180',	6),
('a63afd36-5682-3ad1-971f-447c6fd45180',	8),
('a63afd36-5682-3ad1-971f-447c6fd45180',	7),
('4d4680e8-b362-3ccc-93f0-69ba51d40e67',	7),
('da903aa3-21c2-3631-a08b-d8d054cccb48',	5),
('c29223af-0dbe-3bba-8069-65743a4ae8b4',	8),
('c29223af-0dbe-3bba-8069-65743a4ae8b4',	6),
('c29223af-0dbe-3bba-8069-65743a4ae8b4',	7),
('c29223af-0dbe-3bba-8069-65743a4ae8b4',	5),
('a960bb57-cf39-3636-9f6d-3ef52834ecfc',	8),
('a960bb57-cf39-3636-9f6d-3ef52834ecfc',	6),
('f524d70d-0f02-3747-a6fb-8d6db043210e',	6),
('f524d70d-0f02-3747-a6fb-8d6db043210e',	5),
('f524d70d-0f02-3747-a6fb-8d6db043210e',	7),
('f524d70d-0f02-3747-a6fb-8d6db043210e',	8),
('98cf3e54-0cb8-33f0-beae-2fad5ff62bdf',	6),
('98cf3e54-0cb8-33f0-beae-2fad5ff62bdf',	8),
('794f6ea3-9801-334b-ba82-4ac71f70f6d2',	7),
('794f6ea3-9801-334b-ba82-4ac71f70f6d2',	5),
('e274a3f8-50b3-37c7-a061-333110a1560b',	6),
('7edb1b5e-eeaa-358e-84c5-1b66fc2fec2d',	5),
('7edb1b5e-eeaa-358e-84c5-1b66fc2fec2d',	8),
('7edb1b5e-eeaa-358e-84c5-1b66fc2fec2d',	6),
('609bc828-4d34-3bb2-b527-93d80478d6b3',	5),
('609bc828-4d34-3bb2-b527-93d80478d6b3',	7),
('609bc828-4d34-3bb2-b527-93d80478d6b3',	8),
('609bc828-4d34-3bb2-b527-93d80478d6b3',	6),
('341453e4-c122-3028-a712-af7ddad67975',	7),
('e3ba8e27-6ce8-38d8-bdbc-54c53259036f',	6),
('e3ba8e27-6ce8-38d8-bdbc-54c53259036f',	5),
('e3ba8e27-6ce8-38d8-bdbc-54c53259036f',	8),
('fd23b913-b526-3b02-bf44-0dd2b25796bb',	5),
('fd23b913-b526-3b02-bf44-0dd2b25796bb',	6),
('fd23b913-b526-3b02-bf44-0dd2b25796bb',	8),
('dfe8a45d-1122-361c-bf96-fffae0d385f2',	22),
('dfe8a45d-1122-361c-bf96-fffae0d385f2',	19),
('dfe8a45d-1122-361c-bf96-fffae0d385f2',	20),
('dfe8a45d-1122-361c-bf96-fffae0d385f2',	21),
('a7cc5d8f-360c-3334-a992-6e9008c07c47',	22),
('a7cc5d8f-360c-3334-a992-6e9008c07c47',	21),
('a7cc5d8f-360c-3334-a992-6e9008c07c47',	23),
('e5f6cdd3-e9de-3c30-84b9-2d431c0d853f',	11),
('e5f6cdd3-e9de-3c30-84b9-2d431c0d853f',	10),
('e5f6cdd3-e9de-3c30-84b9-2d431c0d853f',	9),
('623b83ab-46b9-3cf3-8e04-3bb514cb059f',	2),
('623b83ab-46b9-3cf3-8e04-3bb514cb059f',	4),
('623b83ab-46b9-3cf3-8e04-3bb514cb059f',	3),
('623b83ab-46b9-3cf3-8e04-3bb514cb059f',	1),
('7c57a60f-936a-3b48-884b-dd00fa4f3e0f',	19),
('7c57a60f-936a-3b48-884b-dd00fa4f3e0f',	21),
('a5c30f27-6100-373f-b291-df93927b5899',	3),
('95b1d811-22c6-3c4e-94fb-69dc3bd0522a',	7),
('95b1d811-22c6-3c4e-94fb-69dc3bd0522a',	5),
('95b1d811-22c6-3c4e-94fb-69dc3bd0522a',	6),
('33448c5c-ba4f-366b-88f4-95aec59b982d',	23),
('c813bddb-147b-3579-820d-cd58b28adac0',	17),
('c813bddb-147b-3579-820d-cd58b28adac0',	14),
('c813bddb-147b-3579-820d-cd58b28adac0',	18),
('c813bddb-147b-3579-820d-cd58b28adac0',	15),
('c813bddb-147b-3579-820d-cd58b28adac0',	16),
('c813bddb-147b-3579-820d-cd58b28adac0',	13),
('1d27091f-5a24-312c-a594-5102f5576306',	13),
('1d27091f-5a24-312c-a594-5102f5576306',	17),
('1d27091f-5a24-312c-a594-5102f5576306',	16),
('1d27091f-5a24-312c-a594-5102f5576306',	18),
('1d27091f-5a24-312c-a594-5102f5576306',	14),
('1d27091f-5a24-312c-a594-5102f5576306',	15),
('8fe808d9-6742-3942-acfc-b78e2dc0ead2',	24),
('8fe808d9-6742-3942-acfc-b78e2dc0ead2',	21),
('8fe808d9-6742-3942-acfc-b78e2dc0ead2',	22),
('8fe808d9-6742-3942-acfc-b78e2dc0ead2',	19),
('8fe808d9-6742-3942-acfc-b78e2dc0ead2',	23),
('5670356f-5750-3222-aa82-a7309199fe59',	10),
('bf5fdb24-f530-32a1-ba6c-3f09a6d25566',	14),
('c10622c7-ac83-38f5-939c-54a5ebcb7cb5',	7),
('2da9d1c6-a17c-31f2-95a7-4f2f191326dc',	11),
('2da9d1c6-a17c-31f2-95a7-4f2f191326dc',	12),
('2da9d1c6-a17c-31f2-95a7-4f2f191326dc',	9),
('ac91e524-3538-3a24-bda2-68a98288960e',	2),
('ac91e524-3538-3a24-bda2-68a98288960e',	1),
('ac91e524-3538-3a24-bda2-68a98288960e',	4),
('62097b60-2085-3619-a92b-a23add366c7b',	12),
('62097b60-2085-3619-a92b-a23add366c7b',	10),
('62097b60-2085-3619-a92b-a23add366c7b',	9),
('62097b60-2085-3619-a92b-a23add366c7b',	11),
('2a197d2d-6eee-3875-8e02-feb17faf62a0',	11),
('35b16c74-40ee-3fe5-bea2-b0f525b0f245',	8),
('35b16c74-40ee-3fe5-bea2-b0f525b0f245',	5),
('35b16c74-40ee-3fe5-bea2-b0f525b0f245',	7),
('35b16c74-40ee-3fe5-bea2-b0f525b0f245',	6),
('f09cf264-8826-35b7-bbf3-af6561f3ba8f',	6),
('f09cf264-8826-35b7-bbf3-af6561f3ba8f',	8),
('f09cf264-8826-35b7-bbf3-af6561f3ba8f',	7),
('f09cf264-8826-35b7-bbf3-af6561f3ba8f',	5),
('f3485799-f91d-35ef-9f76-6a02a041fefa',	6),
('f3485799-f91d-35ef-9f76-6a02a041fefa',	7),
('f3485799-f91d-35ef-9f76-6a02a041fefa',	8),
('f3485799-f91d-35ef-9f76-6a02a041fefa',	5),
('23923a6b-909a-38e8-a7fe-50745ef4ac0f',	10),
('23923a6b-909a-38e8-a7fe-50745ef4ac0f',	9),
('23923a6b-909a-38e8-a7fe-50745ef4ac0f',	11),
('23923a6b-909a-38e8-a7fe-50745ef4ac0f',	12),
('66faac60-5e42-313f-9d88-f4e16ddce694',	8),
('66faac60-5e42-313f-9d88-f4e16ddce694',	5),
('66faac60-5e42-313f-9d88-f4e16ddce694',	6),
('4b1f7ae9-f6d4-3dc2-9869-45b1f2849c49',	13),
('4b1f7ae9-f6d4-3dc2-9869-45b1f2849c49',	14),
('4b1f7ae9-f6d4-3dc2-9869-45b1f2849c49',	17),
('512e3f2d-b40f-336a-8bda-2b871d72691d',	8),
('512e3f2d-b40f-336a-8bda-2b871d72691d',	5),
('512e3f2d-b40f-336a-8bda-2b871d72691d',	6),
('512e3f2d-b40f-336a-8bda-2b871d72691d',	7),
('d79364b7-87e2-3ad2-894e-fce97f7a1d83',	7),
('581b1a86-e5ac-3f81-9a98-f87aa0fbf718',	19),
('581b1a86-e5ac-3f81-9a98-f87aa0fbf718',	24),
('581b1a86-e5ac-3f81-9a98-f87aa0fbf718',	20),
('581b1a86-e5ac-3f81-9a98-f87aa0fbf718',	22),
('581b1a86-e5ac-3f81-9a98-f87aa0fbf718',	23),
('2e1c1158-c565-3780-aeed-2845063e415c',	22),
('2e1c1158-c565-3780-aeed-2845063e415c',	23),
('2e1c1158-c565-3780-aeed-2845063e415c',	21),
('2e1c1158-c565-3780-aeed-2845063e415c',	19),
('2e1c1158-c565-3780-aeed-2845063e415c',	20),
('2e1c1158-c565-3780-aeed-2845063e415c',	24),
('d6021537-72b7-3289-bfe7-efa9b4281b73',	7),
('d6021537-72b7-3289-bfe7-efa9b4281b73',	6),
('d6021537-72b7-3289-bfe7-efa9b4281b73',	8),
('d6021537-72b7-3289-bfe7-efa9b4281b73',	5),
('1e67bfd0-fd1a-362a-be57-6b212c76cfb6',	9),
('1e67bfd0-fd1a-362a-be57-6b212c76cfb6',	10),
('1e67bfd0-fd1a-362a-be57-6b212c76cfb6',	12),
('4305f5e9-be5a-4ccf-8792-7e07d7017363',	5),
('4305f5e9-be5a-4ccf-8792-7e07d7017363',	6),
('4305f5e9-be5a-4ccf-8792-7e07d7017363',	7),
('4305f5e9-be5a-4ccf-8792-7e07d7017363',	8);

INSERT INTO "praticien2moyen" ("praticien_id", "moyen_id") VALUES
('af7bb2f1-cc52-3388-b9bc-c0b89e7f4c5b',	7),
('af7bb2f1-cc52-3388-b9bc-c0b89e7f4c5b',	2),
('b994a36f-794f-3ddc-b267-99673661466d',	6),
('b994a36f-794f-3ddc-b267-99673661466d',	4),
('b994a36f-794f-3ddc-b267-99673661466d',	3),
('b994a36f-794f-3ddc-b267-99673661466d',	2),
('b994a36f-794f-3ddc-b267-99673661466d',	1),
('b994a36f-794f-3ddc-b267-99673661466d',	7),
('b994a36f-794f-3ddc-b267-99673661466d',	5),
('8236bcbf-4c06-3d0e-8ab0-c4964e02c4ea',	2),
('8236bcbf-4c06-3d0e-8ab0-c4964e02c4ea',	6),
('8236bcbf-4c06-3d0e-8ab0-c4964e02c4ea',	3),
('8ae1400f-d46d-3b50-b356-269f776be532',	2),
('085c44e7-6245-3b10-9c1a-92f09524ef2a',	6),
('085c44e7-6245-3b10-9c1a-92f09524ef2a',	5),
('085c44e7-6245-3b10-9c1a-92f09524ef2a',	4),
('085c44e7-6245-3b10-9c1a-92f09524ef2a',	1),
('085c44e7-6245-3b10-9c1a-92f09524ef2a',	3),
('085c44e7-6245-3b10-9c1a-92f09524ef2a',	2),
('dada1285-f235-3ad2-bd7d-f58d68c30a73',	3),
('dada1285-f235-3ad2-bd7d-f58d68c30a73',	5),
('dada1285-f235-3ad2-bd7d-f58d68c30a73',	1),
('dada1285-f235-3ad2-bd7d-f58d68c30a73',	7),
('51c6c5a5-0815-3ff1-b0e4-ac216319e526',	3),
('51c6c5a5-0815-3ff1-b0e4-ac216319e526',	5),
('592692c8-4a8c-3f91-967b-fde67ebea54d',	4),
('592692c8-4a8c-3f91-967b-fde67ebea54d',	3),
('592692c8-4a8c-3f91-967b-fde67ebea54d',	5),
('0768e78b-12c8-3694-b89b-d0a7451a8fb1',	6),
('0768e78b-12c8-3694-b89b-d0a7451a8fb1',	2),
('f9bd589a-99ef-39f7-9984-af26e95c7150',	4),
('f9bd589a-99ef-39f7-9984-af26e95c7150',	7),
('f9bd589a-99ef-39f7-9984-af26e95c7150',	6),
('f9bd589a-99ef-39f7-9984-af26e95c7150',	5),
('f9bd589a-99ef-39f7-9984-af26e95c7150',	3),
('f9bd589a-99ef-39f7-9984-af26e95c7150',	1),
('bdd2672d-f4e6-3fd1-88db-d27e97b4d1e0',	5),
('bdd2672d-f4e6-3fd1-88db-d27e97b4d1e0',	6),
('7c76c93d-1b70-35eb-96d5-34c2d9d741c4',	2),
('7c76c93d-1b70-35eb-96d5-34c2d9d741c4',	5),
('7c76c93d-1b70-35eb-96d5-34c2d9d741c4',	6),
('7c76c93d-1b70-35eb-96d5-34c2d9d741c4',	4),
('656c9034-bf19-33a0-beec-9a959ee83cd7',	4),
('656c9034-bf19-33a0-beec-9a959ee83cd7',	1),
('656c9034-bf19-33a0-beec-9a959ee83cd7',	5),
('656c9034-bf19-33a0-beec-9a959ee83cd7',	3),
('656c9034-bf19-33a0-beec-9a959ee83cd7',	7),
('656c9034-bf19-33a0-beec-9a959ee83cd7',	2),
('2ae94f01-8332-3c16-bf4c-eb1d64929253',	7),
('2ae94f01-8332-3c16-bf4c-eb1d64929253',	5),
('68202db3-920d-35dc-b547-e52c53ec5885',	6),
('68202db3-920d-35dc-b547-e52c53ec5885',	2),
('68202db3-920d-35dc-b547-e52c53ec5885',	5),
('3eeec083-d6fe-3cf7-b0da-e2b09a261db9',	7),
('3eeec083-d6fe-3cf7-b0da-e2b09a261db9',	6),
('529fa71e-5a6c-3360-9579-81abc41e865f',	1),
('529fa71e-5a6c-3360-9579-81abc41e865f',	4),
('529fa71e-5a6c-3360-9579-81abc41e865f',	5),
('529fa71e-5a6c-3360-9579-81abc41e865f',	2),
('e6f97aad-b672-3407-92ac-54b26d95d628',	2),
('e6f97aad-b672-3407-92ac-54b26d95d628',	3),
('e6f97aad-b672-3407-92ac-54b26d95d628',	4),
('e6f97aad-b672-3407-92ac-54b26d95d628',	6),
('e6f97aad-b672-3407-92ac-54b26d95d628',	5),
('e6f97aad-b672-3407-92ac-54b26d95d628',	1),
('e6f97aad-b672-3407-92ac-54b26d95d628',	7),
('05644ac0-c4cb-36bf-a0cf-409075eb20c4',	4),
('05644ac0-c4cb-36bf-a0cf-409075eb20c4',	6),
('05644ac0-c4cb-36bf-a0cf-409075eb20c4',	7),
('05644ac0-c4cb-36bf-a0cf-409075eb20c4',	1),
('05644ac0-c4cb-36bf-a0cf-409075eb20c4',	2),
('05644ac0-c4cb-36bf-a0cf-409075eb20c4',	5),
('c7c71a7a-d6e1-3aa3-8aa8-987cbef516b0',	1),
('c7c71a7a-d6e1-3aa3-8aa8-987cbef516b0',	6),
('c7c71a7a-d6e1-3aa3-8aa8-987cbef516b0',	4),
('d7e254f4-7e01-395a-b668-6f86e3444906',	7),
('41ac1467-4874-3e88-a636-444eae7dc457',	5),
('41ac1467-4874-3e88-a636-444eae7dc457',	4),
('41ac1467-4874-3e88-a636-444eae7dc457',	3),
('41ac1467-4874-3e88-a636-444eae7dc457',	1),
('41ac1467-4874-3e88-a636-444eae7dc457',	6),
('41ac1467-4874-3e88-a636-444eae7dc457',	2),
('15d3e128-b47c-3030-a1c8-cfb09942054a',	5),
('15d3e128-b47c-3030-a1c8-cfb09942054a',	2),
('15d3e128-b47c-3030-a1c8-cfb09942054a',	3),
('15d3e128-b47c-3030-a1c8-cfb09942054a',	1),
('15d3e128-b47c-3030-a1c8-cfb09942054a',	6),
('15d3e128-b47c-3030-a1c8-cfb09942054a',	7),
('15d3e128-b47c-3030-a1c8-cfb09942054a',	4),
('9b4aa9d2-fb6a-3e07-9b5a-a792ffb4b3f3',	3),
('905735e4-bd41-3991-8462-0b21a962ecc9',	2),
('03f24d7b-efda-3fbe-ae53-0c0c0edef089',	1),
('8b34ba8b-5775-31a9-9ca6-1cf955c9ab84',	7),
('8b34ba8b-5775-31a9-9ca6-1cf955c9ab84',	6),
('b0458f20-e264-3ab4-8153-47268dd936bc',	6),
('b0458f20-e264-3ab4-8153-47268dd936bc',	7),
('b0458f20-e264-3ab4-8153-47268dd936bc',	1),
('b0458f20-e264-3ab4-8153-47268dd936bc',	4),
('3688814f-1b08-313b-8287-18febcc544d6',	7),
('3688814f-1b08-313b-8287-18febcc544d6',	4),
('3688814f-1b08-313b-8287-18febcc544d6',	5),
('3688814f-1b08-313b-8287-18febcc544d6',	3),
('b05657bc-ecf5-3a76-960a-c20e41af60a0',	5),
('b05657bc-ecf5-3a76-960a-c20e41af60a0',	7),
('2192c51f-1d1f-3d76-88ed-6a25abed0faf',	7),
('3dc3ed9e-b07e-3cb7-81c4-6607d11f20ca',	3),
('3dc3ed9e-b07e-3cb7-81c4-6607d11f20ca',	1),
('3dc3ed9e-b07e-3cb7-81c4-6607d11f20ca',	7),
('3dc3ed9e-b07e-3cb7-81c4-6607d11f20ca',	2),
('3dc3ed9e-b07e-3cb7-81c4-6607d11f20ca',	4),
('3dc3ed9e-b07e-3cb7-81c4-6607d11f20ca',	5),
('a63afd36-5682-3ad1-971f-447c6fd45180',	7),
('a63afd36-5682-3ad1-971f-447c6fd45180',	2),
('a63afd36-5682-3ad1-971f-447c6fd45180',	3),
('a63afd36-5682-3ad1-971f-447c6fd45180',	1),
('a63afd36-5682-3ad1-971f-447c6fd45180',	4),
('a63afd36-5682-3ad1-971f-447c6fd45180',	6),
('4d4680e8-b362-3ccc-93f0-69ba51d40e67',	6),
('4d4680e8-b362-3ccc-93f0-69ba51d40e67',	3),
('da903aa3-21c2-3631-a08b-d8d054cccb48',	5),
('da903aa3-21c2-3631-a08b-d8d054cccb48',	4),
('da903aa3-21c2-3631-a08b-d8d054cccb48',	3),
('da903aa3-21c2-3631-a08b-d8d054cccb48',	7),
('da903aa3-21c2-3631-a08b-d8d054cccb48',	6),
('c29223af-0dbe-3bba-8069-65743a4ae8b4',	6),
('c29223af-0dbe-3bba-8069-65743a4ae8b4',	2),
('c29223af-0dbe-3bba-8069-65743a4ae8b4',	1),
('c29223af-0dbe-3bba-8069-65743a4ae8b4',	5),
('c29223af-0dbe-3bba-8069-65743a4ae8b4',	7),
('c29223af-0dbe-3bba-8069-65743a4ae8b4',	4),
('c29223af-0dbe-3bba-8069-65743a4ae8b4',	3),
('a960bb57-cf39-3636-9f6d-3ef52834ecfc',	3),
('a960bb57-cf39-3636-9f6d-3ef52834ecfc',	6),
('a960bb57-cf39-3636-9f6d-3ef52834ecfc',	5),
('a960bb57-cf39-3636-9f6d-3ef52834ecfc',	1),
('a960bb57-cf39-3636-9f6d-3ef52834ecfc',	2),
('a960bb57-cf39-3636-9f6d-3ef52834ecfc',	7),
('a960bb57-cf39-3636-9f6d-3ef52834ecfc',	4),
('f524d70d-0f02-3747-a6fb-8d6db043210e',	6),
('f524d70d-0f02-3747-a6fb-8d6db043210e',	2),
('f524d70d-0f02-3747-a6fb-8d6db043210e',	3),
('f524d70d-0f02-3747-a6fb-8d6db043210e',	1),
('f524d70d-0f02-3747-a6fb-8d6db043210e',	4),
('f524d70d-0f02-3747-a6fb-8d6db043210e',	5),
('f524d70d-0f02-3747-a6fb-8d6db043210e',	7),
('98cf3e54-0cb8-33f0-beae-2fad5ff62bdf',	6),
('98cf3e54-0cb8-33f0-beae-2fad5ff62bdf',	2),
('794f6ea3-9801-334b-ba82-4ac71f70f6d2',	2),
('794f6ea3-9801-334b-ba82-4ac71f70f6d2',	7),
('e274a3f8-50b3-37c7-a061-333110a1560b',	4),
('e274a3f8-50b3-37c7-a061-333110a1560b',	1),
('e274a3f8-50b3-37c7-a061-333110a1560b',	3),
('e274a3f8-50b3-37c7-a061-333110a1560b',	7),
('e274a3f8-50b3-37c7-a061-333110a1560b',	6),
('7edb1b5e-eeaa-358e-84c5-1b66fc2fec2d',	4),
('7edb1b5e-eeaa-358e-84c5-1b66fc2fec2d',	7),
('7edb1b5e-eeaa-358e-84c5-1b66fc2fec2d',	1),
('609bc828-4d34-3bb2-b527-93d80478d6b3',	4),
('609bc828-4d34-3bb2-b527-93d80478d6b3',	2),
('609bc828-4d34-3bb2-b527-93d80478d6b3',	3),
('609bc828-4d34-3bb2-b527-93d80478d6b3',	5),
('609bc828-4d34-3bb2-b527-93d80478d6b3',	1),
('341453e4-c122-3028-a712-af7ddad67975',	7),
('341453e4-c122-3028-a712-af7ddad67975',	4),
('e3ba8e27-6ce8-38d8-bdbc-54c53259036f',	3),
('fd23b913-b526-3b02-bf44-0dd2b25796bb',	6),
('fd23b913-b526-3b02-bf44-0dd2b25796bb',	7),
('fd23b913-b526-3b02-bf44-0dd2b25796bb',	3),
('fd23b913-b526-3b02-bf44-0dd2b25796bb',	2),
('fd23b913-b526-3b02-bf44-0dd2b25796bb',	4),
('fd23b913-b526-3b02-bf44-0dd2b25796bb',	1),
('fd23b913-b526-3b02-bf44-0dd2b25796bb',	5),
('dfe8a45d-1122-361c-bf96-fffae0d385f2',	4),
('dfe8a45d-1122-361c-bf96-fffae0d385f2',	6),
('dfe8a45d-1122-361c-bf96-fffae0d385f2',	5),
('dfe8a45d-1122-361c-bf96-fffae0d385f2',	7),
('a7cc5d8f-360c-3334-a992-6e9008c07c47',	6),
('e5f6cdd3-e9de-3c30-84b9-2d431c0d853f',	5),
('e5f6cdd3-e9de-3c30-84b9-2d431c0d853f',	2),
('e5f6cdd3-e9de-3c30-84b9-2d431c0d853f',	4),
('e5f6cdd3-e9de-3c30-84b9-2d431c0d853f',	7),
('e5f6cdd3-e9de-3c30-84b9-2d431c0d853f',	3),
('623b83ab-46b9-3cf3-8e04-3bb514cb059f',	2),
('623b83ab-46b9-3cf3-8e04-3bb514cb059f',	7),
('623b83ab-46b9-3cf3-8e04-3bb514cb059f',	1),
('623b83ab-46b9-3cf3-8e04-3bb514cb059f',	4),
('623b83ab-46b9-3cf3-8e04-3bb514cb059f',	3),
('7c57a60f-936a-3b48-884b-dd00fa4f3e0f',	5),
('7c57a60f-936a-3b48-884b-dd00fa4f3e0f',	1),
('7c57a60f-936a-3b48-884b-dd00fa4f3e0f',	2),
('a5c30f27-6100-373f-b291-df93927b5899',	4),
('a5c30f27-6100-373f-b291-df93927b5899',	7),
('95b1d811-22c6-3c4e-94fb-69dc3bd0522a',	7),
('95b1d811-22c6-3c4e-94fb-69dc3bd0522a',	2),
('95b1d811-22c6-3c4e-94fb-69dc3bd0522a',	3),
('33448c5c-ba4f-366b-88f4-95aec59b982d',	6),
('33448c5c-ba4f-366b-88f4-95aec59b982d',	4),
('33448c5c-ba4f-366b-88f4-95aec59b982d',	3),
('33448c5c-ba4f-366b-88f4-95aec59b982d',	5),
('33448c5c-ba4f-366b-88f4-95aec59b982d',	2),
('33448c5c-ba4f-366b-88f4-95aec59b982d',	7),
('33448c5c-ba4f-366b-88f4-95aec59b982d',	1),
('c813bddb-147b-3579-820d-cd58b28adac0',	6),
('1d27091f-5a24-312c-a594-5102f5576306',	1),
('1d27091f-5a24-312c-a594-5102f5576306',	2),
('1d27091f-5a24-312c-a594-5102f5576306',	6),
('8fe808d9-6742-3942-acfc-b78e2dc0ead2',	5),
('8fe808d9-6742-3942-acfc-b78e2dc0ead2',	2),
('8fe808d9-6742-3942-acfc-b78e2dc0ead2',	4),
('5670356f-5750-3222-aa82-a7309199fe59',	2),
('5670356f-5750-3222-aa82-a7309199fe59',	6),
('5670356f-5750-3222-aa82-a7309199fe59',	3),
('5670356f-5750-3222-aa82-a7309199fe59',	5),
('bf5fdb24-f530-32a1-ba6c-3f09a6d25566',	2),
('c10622c7-ac83-38f5-939c-54a5ebcb7cb5',	4),
('2da9d1c6-a17c-31f2-95a7-4f2f191326dc',	1),
('2da9d1c6-a17c-31f2-95a7-4f2f191326dc',	3),
('2da9d1c6-a17c-31f2-95a7-4f2f191326dc',	7),
('2da9d1c6-a17c-31f2-95a7-4f2f191326dc',	4),
('2da9d1c6-a17c-31f2-95a7-4f2f191326dc',	2),
('ac91e524-3538-3a24-bda2-68a98288960e',	4),
('ac91e524-3538-3a24-bda2-68a98288960e',	6),
('ac91e524-3538-3a24-bda2-68a98288960e',	2),
('ac91e524-3538-3a24-bda2-68a98288960e',	5),
('62097b60-2085-3619-a92b-a23add366c7b',	4),
('62097b60-2085-3619-a92b-a23add366c7b',	7),
('62097b60-2085-3619-a92b-a23add366c7b',	6),
('62097b60-2085-3619-a92b-a23add366c7b',	5),
('2a197d2d-6eee-3875-8e02-feb17faf62a0',	7),
('2a197d2d-6eee-3875-8e02-feb17faf62a0',	1),
('2a197d2d-6eee-3875-8e02-feb17faf62a0',	3),
('2a197d2d-6eee-3875-8e02-feb17faf62a0',	6),
('2a197d2d-6eee-3875-8e02-feb17faf62a0',	2),
('2a197d2d-6eee-3875-8e02-feb17faf62a0',	5),
('2a197d2d-6eee-3875-8e02-feb17faf62a0',	4),
('35b16c74-40ee-3fe5-bea2-b0f525b0f245',	7),
('35b16c74-40ee-3fe5-bea2-b0f525b0f245',	1),
('35b16c74-40ee-3fe5-bea2-b0f525b0f245',	6),
('35b16c74-40ee-3fe5-bea2-b0f525b0f245',	5),
('35b16c74-40ee-3fe5-bea2-b0f525b0f245',	2),
('35b16c74-40ee-3fe5-bea2-b0f525b0f245',	3),
('35b16c74-40ee-3fe5-bea2-b0f525b0f245',	4),
('f09cf264-8826-35b7-bbf3-af6561f3ba8f',	7),
('f09cf264-8826-35b7-bbf3-af6561f3ba8f',	6),
('f09cf264-8826-35b7-bbf3-af6561f3ba8f',	4),
('f09cf264-8826-35b7-bbf3-af6561f3ba8f',	3),
('f09cf264-8826-35b7-bbf3-af6561f3ba8f',	5),
('f09cf264-8826-35b7-bbf3-af6561f3ba8f',	1),
('f3485799-f91d-35ef-9f76-6a02a041fefa',	5),
('f3485799-f91d-35ef-9f76-6a02a041fefa',	6),
('f3485799-f91d-35ef-9f76-6a02a041fefa',	1),
('f3485799-f91d-35ef-9f76-6a02a041fefa',	4),
('f3485799-f91d-35ef-9f76-6a02a041fefa',	2),
('23923a6b-909a-38e8-a7fe-50745ef4ac0f',	4),
('23923a6b-909a-38e8-a7fe-50745ef4ac0f',	1),
('23923a6b-909a-38e8-a7fe-50745ef4ac0f',	2),
('66faac60-5e42-313f-9d88-f4e16ddce694',	5),
('66faac60-5e42-313f-9d88-f4e16ddce694',	2),
('4b1f7ae9-f6d4-3dc2-9869-45b1f2849c49',	3),
('4b1f7ae9-f6d4-3dc2-9869-45b1f2849c49',	7),
('512e3f2d-b40f-336a-8bda-2b871d72691d',	5),
('512e3f2d-b40f-336a-8bda-2b871d72691d',	6),
('512e3f2d-b40f-336a-8bda-2b871d72691d',	2),
('512e3f2d-b40f-336a-8bda-2b871d72691d',	7),
('d79364b7-87e2-3ad2-894e-fce97f7a1d83',	1),
('d79364b7-87e2-3ad2-894e-fce97f7a1d83',	6),
('d79364b7-87e2-3ad2-894e-fce97f7a1d83',	2),
('d79364b7-87e2-3ad2-894e-fce97f7a1d83',	3),
('d79364b7-87e2-3ad2-894e-fce97f7a1d83',	4),
('d79364b7-87e2-3ad2-894e-fce97f7a1d83',	5),
('581b1a86-e5ac-3f81-9a98-f87aa0fbf718',	6),
('581b1a86-e5ac-3f81-9a98-f87aa0fbf718',	4),
('581b1a86-e5ac-3f81-9a98-f87aa0fbf718',	5),
('581b1a86-e5ac-3f81-9a98-f87aa0fbf718',	1),
('581b1a86-e5ac-3f81-9a98-f87aa0fbf718',	2),
('581b1a86-e5ac-3f81-9a98-f87aa0fbf718',	3),
('2e1c1158-c565-3780-aeed-2845063e415c',	5),
('2e1c1158-c565-3780-aeed-2845063e415c',	3),
('d6021537-72b7-3289-bfe7-efa9b4281b73',	3),
('1e67bfd0-fd1a-362a-be57-6b212c76cfb6',	3),
('1e67bfd0-fd1a-362a-be57-6b212c76cfb6',	5),
('1e67bfd0-fd1a-362a-be57-6b212c76cfb6',	4),
('1e67bfd0-fd1a-362a-be57-6b212c76cfb6',	7),
('4305f5e9-be5a-4ccf-8792-7e07d7017363',	1),
('4305f5e9-be5a-4ccf-8792-7e07d7017363',	2),
('4305f5e9-be5a-4ccf-8792-7e07d7017363',	3),
('4305f5e9-be5a-4ccf-8792-7e07d7017363',	4),
('4305f5e9-be5a-4ccf-8792-7e07d7017363',	5);

INSERT INTO "specialite" ("id", "libelle", "description") VALUES
(1,	'médecine générale',	'Médecine Générale'),
(3,	'pédiatrie',	'Maladies des enfants'),
(4,	'ophtalmologie',	'Maladies des yeux'),
(5,	'Dentiste',	'Bouche et dents'),
(2,	'Imagerie médicale',	'radiologie, échographie, IRM');

INSERT INTO "structure" ("id", "nom", "adresse", "ville", "code_postal", "telephone") VALUES
('3444bdd2-8783-3aed-9a5e-4d298d2a2d7c',	'Cabinet Bigot',	'63, rue de Mercier',	'Paris',	'75 002',	'01 02 03 04 05'),
('372c1de7-4d31-3d01-9c92-77e69467d4e3',	'Cabinet Toussaint Marechal',	'290, rue Rossi',	'Joubert',	'54 543',	'+33 03 83 56 78 98'),
('255ecef6-14b9-3b5c-a40e-901665f4ed28',	'Pichon Santé',	'93, impasse Alain Baron',	'Diaz-sur-Boulanger',	'48 987',	'01 02 04 50 37'),
('80756589-93f3-3ab7-92dd-377dbea5ea4d',	'Maison Médiacle Parent - Lucas',	'4, impasse de Denis',	'Lucas',	'63 220',	'03 87 56 54 34'),
('5f7d3d80-3c4b-386a-a23e-74de4a1e0b19',	'Maison de Santé de Care-Sur_Turpin',	'35, impasse Lebon',	'Carre-sur-Turpin',	'57 345',	'03 87 45 65 34'),
('c302d11b-d5b8-310a-bbc5-9dd4400eb2c9',	'Babinet Antoine',	'97, avenue Raymond Gerard',	'Moreno',	'34 657',	'06 76 56 34 32'),
('b636c1fd-c61c-306b-9d4f-25cf3bfd9f66',	'SOS Médecins Lefevre',	'23, avenue Mercier',	'Lefevre',	'56 780',	'01 03 900 000'),
('7db214d9-f415-3110-991b-ec5f9774b685',	'Urgences Marin',	'96, rue Louis',	'Bourdon-les-Bains',	'71 344',	'09 78 67 54 43'),
('a51a0543-ee80-3515-81ab-2504ec194c09',	'Maison Santé Lombard',	'17, chemin de Bazin',	'Paris-la-Forêt',	'76 800',	'01 328 328 00'),
('fe6e7644-9e58-3b57-9734-f201766d4d75',	'Urgences médicales Bouchet',	'53, rue Toussaint',	'Bouchet',	'89 200',	'01 02 03 15 15'),
('9117850b-3116-3d4f-b346-1dfc23c26787',	'Cabinet Médical Vaillant',	'68, avenue Élise Dupre',	'LemonnierBourg',	'67 200',	'03 82 34 54 67'),
('bee7989a-c204-3cf7-bbfc-42a9ce8456ea',	'Cabinet Médical Martineau',	'31, boulevard Éric Pierre',	'Royer',	'21 330',	'03 87 34 55 55'),
('55ee31cb-9fb6-3513-b209-e2804d02c11e',	'Fischer Médecins, Ruiz',	'83, place de Lefort',	'Ruiz',	'64 320',	'04 82 25 25 25'),
('e65145bb-ce57-4320-b0a8-6c0ba06def6d',	'Radio Plus',	'1 rue de la santé',	'Nancy',	'54 000',	'03 43 56 65 54');

-- 2025-06-30 12:31:50.244805+00
